timestamp,open,high,low,close,volume
2025-08-22 00:00:00+00:00,0.2483057407212972,0.2483057407212972,0.2483057407212972,0.2483057407212972,86752335.79110289
2025-08-23 00:00:00+00:00,0.2665559611783281,0.2665559611783281,0.2665559611783281,0.2665559611783281,167304098.37716478
2025-08-24 00:00:00+00:00,0.26378445821600194,0.26378445821600194,0.26378445821600194,0.26378445821600194,82596680.3348303
2025-08-25 00:00:00+00:00,0.2713349565941868,0.2713349565941868,0.2713349565941868,0.2713349565941868,187920710.01302037
2025-08-26 00:00:00+00:00,0.24631512613591464,0.24631512613591464,0.24631512613591464,0.24631512613591464,184301998.54967853
2025-08-27 00:00:00+00:00,0.2547097157849748,0.2547097157849748,0.2547097157849748,0.2547097157849748,104290905.35601254
2025-08-28 00:00:00+00:00,0.24729397551677737,0.24729397551677737,0.24729397551677737,0.24729397551677737,99777966.0631758
2025-08-29 00:00:00+00:00,0.25266976793356477,0.25266976793356477,0.25266976793356477,0.25266976793356477,95062806.39537483
2025-08-30 00:00:00+00:00,0.23638327101939305,0.23638327101939305,0.23638327101939305,0.23638327101939305,122494955.12915777
2025-08-31 00:00:00+00:00,0.23382956631549556,0.23382956631549556,0.23382956631549556,0.23382956631549556,52909423.81697085
2025-09-01 00:00:00+00:00,0.23169863492443063,0.23169863492443063,0.23169863492443063,0.23169863492443063,66036675.42700789
2025-09-02 00:00:00+00:00,0.22776792969673113,0.22776792969673113,0.22776792969673113,0.22776792969673113,106433239.36937514
2025-09-03 00:00:00+00:00,0.23307111049655588,0.23307111049655588,0.23307111049655588,0.23307111049655588,82788363.08118646
2025-09-04 00:00:00+00:00,0.23261236752288375,0.23261236752288375,0.23261236752288375,0.23261236752288375,61268833.953010075
2025-09-05 00:00:00+00:00,0.227098949540124,0.227098949540124,0.227098949540124,0.227098949540124,55780205.318432696
2025-09-06 00:00:00+00:00,0.2298136538451412,0.2298136538451412,0.2298136538451412,0.2298136538451412,76834409.25697543
2025-09-07 00:00:00+00:00,0.22730292609626945,0.22730292609626945,0.22730292609626945,0.22730292609626945,39717217.30174099
2025-09-08 00:00:00+00:00,0.23050777735096972,0.23050777735096972,0.23050777735096972,0.23050777735096972,51743363.25210736
2025-09-09 00:00:00+00:00,0.23699868206170444,0.23699868206170444,0.23699868206170444,0.23699868206170444,78946349.29709409
2025-09-10 00:00:00+00:00,0.23319462575001573,0.23319462575001573,0.23319462575001573,0.23319462575001573,71382350.33609037
2025-09-11 00:00:00+00:00,0.23944257696623333,0.23944257696623333,0.23944257696623333,0.23944257696623333,68644007.15455917
2025-09-12 00:00:00+00:00,0.24415198599071583,0.24415198599071583,0.24415198599071583,0.24415198599071583,87620331.64662267
2025-09-13 00:00:00+00:00,0.24860474613037023,0.24860474613037023,0.24860474613037023,0.24860474613037023,86857545.1889088
2025-09-14 00:00:00+00:00,0.25309735619578505,0.25309735619578505,0.25309735619578505,0.25309735619578505,114556988.69086888
2025-09-15 00:00:00+00:00,0.2396448981101469,0.2396448981101469,0.2396448981101469,0.2396448981101469,102721949.80634142
2025-09-16 00:00:00+00:00,0.23288306732493308,0.23288306732493308,0.23288306732493308,0.23288306732493308,89405238.08120154
2025-09-17 00:00:00+00:00,0.23717104320518137,0.23717104320518137,0.23717104320518137,0.23717104320518137,76907666.55519252
2025-09-18 00:00:00+00:00,0.2443375461903514,0.2443375461903514,0.2443375461903514,0.2443375461903514,96393443.61128432
2025-09-19 00:00:00+00:00,0.24653341917509555,0.24653341917509555,0.24653341917509555,0.24653341917509555,91761048.47564256
2025-09-20 00:00:00+00:00,0.23396006566923028,0.23396006566923028,0.23396006566923028,0.23396006566923028,84181793.58289897
2025-09-21 00:00:00+00:00,0.23575081130852252,0.23575081130852252,0.23575081130852252,0.23575081130852252,61040646.84360355
2025-09-22 00:00:00+00:00,0.23090565976999256,0.23090565976999256,0.23090565976999256,0.23090565976999256,60867405.18934471
2025-09-23 00:00:00+00:00,0.21414351450711588,0.21414351450711588,0.21414351450711588,0.21414351450711588,162913190.63060755
2025-09-24 00:00:00+00:00,0.2109265323419913,0.2109265323419913,0.2109265323419913,0.2109265323419913,78724492.60089675
2025-09-25 00:00:00+00:00,0.213149079748578,0.213149079748578,0.213149079748578,0.213149079748578,80524781.99518777
2025-09-26 00:00:00+00:00,0.20354948918319477,0.20354948918319477,0.20354948918319477,0.20354948918319477,127701775.31969564
2025-09-27 00:00:00+00:00,0.2084900686626488,0.2084900686626488,0.2084900686626488,0.2084900686626488,86974438.87229714
2025-09-28 00:00:00+00:00,0.206039565667908,0.206039565667908,0.206039565667908,0.206039565667908,49866274.18543659
2025-09-29 00:00:00+00:00,0.20818690652386215,0.20818690652386215,0.20818690652386215,0.20818690652386215,56461451.13132824
2025-09-30 00:00:00+00:00,0.2077985881844031,0.2077985881844031,0.2077985881844031,0.2077985881844031,98354681.8468333
2025-10-01 00:00:00+00:00,0.20794534253897592,0.20794534253897592,0.20794534253897592,0.20794534253897592,105777916.1597467
2025-10-02 00:00:00+00:00,0.2209267304680901,0.2209267304680901,0.2209267304680901,0.2209267304680901,113237381.7019338
2025-10-03 00:00:00+00:00,0.2253138819953084,0.2253138819953084,0.2253138819953084,0.2253138819953084,112760435.34617804
2025-10-04 00:00:00+00:00,0.2250809379537751,0.2250809379537751,0.2250809379537751,0.2250809379537751,94124972.6076982
2025-10-05 00:00:00+00:00,0.2196271027511734,0.2196271027511734,0.2196271027511734,0.2196271027511734,88371592.23987027
2025-10-06 00:00:00+00:00,0.218387977431138,0.218387977431138,0.218387977431138,0.218387977431138,83645205.24635428
2025-10-07 00:00:00+00:00,0.2294633886631768,0.2294633886631768,0.2294633886631768,0.2294633886631768,105494183.29065982
2025-10-08 00:00:00+00:00,0.2188478247731896,0.2188478247731896,0.2188478247731896,0.2188478247731896,97229567.55417672
2025-10-09 00:00:00+00:00,0.22419261230850548,0.22419261230850548,0.22419261230850548,0.22419261230850548,81261726.67056158
2025-10-10 00:00:00+00:00,0.220654511375312,0.220654511375312,0.220654511375312,0.220654511375312,78837869.51657628
2025-10-11 00:00:00+00:00,0.1755342090886952,0.1755342090886952,0.1755342090886952,0.1755342090886952,251401747.6423997
2025-10-12 00:00:00+00:00,0.18174523145532884,0.18174523145532884,0.18174523145532884,0.18174523145532884,219806520.98734117
2025-10-13 00:00:00+00:00,0.2031606670862745,0.2031606670862745,0.2031606670862745,0.2031606670862745,126917772.48035602
2025-10-14 00:00:00+00:00,0.213205312933534,0.213205312933534,0.213205312933534,0.213205312933534,110879992.13735531
2025-10-15 00:00:00+00:00,0.20530410365178692,0.20530410365178692,0.20530410365178692,0.20530410365178692,149219939.84662783
2025-10-16 00:00:00+00:00,0.19636776762294297,0.19636776762294297,0.19636776762294297,0.19636776762294297,104751252.90710494
2025-10-17 00:00:00+00:00,0.184762353960074,0.184762353960074,0.184762353960074,0.184762353960074,110446351.8348677
2025-10-18 00:00:00+00:00,0.17750186048891034,0.17750186048891034,0.17750186048891034,0.17750186048891034,116747631.87156276
2025-10-19 00:00:00+00:00,0.18003685324075647,0.18003685324075647,0.18003685324075647,0.18003685324075647,65311669.60687918
2025-10-20 00:00:00+00:00,0.18355205983636055,0.18355205983636055,0.18355205983636055,0.18355205983636055,47324186.02990496
2025-10-21 00:00:00+00:00,0.18683136825487823,0.18683136825487823,0.18683136825487823,0.18683136825487823,84062306.61470284
2025-10-22 00:00:00+00:00,0.18110048866600284,0.18110048866600284,0.18110048866600284,0.18110048866600284,93881398.6686764
2025-10-23 00:00:00+00:00,0.1781057576501599,0.1781057576501599,0.1781057576501599,0.1781057576501599,99171977.32995112
2025-10-24 00:00:00+00:00,0.18124047998141396,0.18124047998141396,0.18124047998141396,0.18124047998141396,53386025.89435657
2025-10-25 00:00:00+00:00,0.1856699489726319,0.1856699489726319,0.1856699489726319,0.1856699489726319,59115389.06737201
2025-10-26 00:00:00+00:00,0.1852228936537317,0.1852228936537317,0.1852228936537317,0.1852228936537317,26296584.3071052
2025-10-27 00:00:00+00:00,0.19098437874072768,0.19098437874072768,0.19098437874072768,0.19098437874072768,58355816.096359275
2025-10-28 00:00:00+00:00,0.1858141902154,0.1858141902154,0.1858141902154,0.1858141902154,61831822.7042627
2025-10-29 00:00:00+00:00,0.1846080686646628,0.1846080686646628,0.1846080686646628,0.1846080686646628,135550493.2085121
2025-10-30 00:00:00+00:00,0.18371640891483176,0.18371640891483176,0.18371640891483176,0.18371640891483176,64435301.95899611
2025-10-31 00:00:00+00:00,0.17344301290677197,0.17344301290677197,0.17344301290677197,0.17344301290677197,107390142.71834072
2025-11-01 00:00:00+00:00,0.17737135613825536,0.17737135613825536,0.17737135613825536,0.17737135613825536,57470755.34928591
2025-11-02 00:00:00+00:00,0.17931072091906303,0.17931072091906303,0.17931072091906303,0.17931072091906303,57207675.51844482
2025-11-03 00:00:00+00:00,0.17839770346616843,0.17839770346616843,0.17839770346616843,0.17839770346616843,43487780.62982433
2025-11-04 00:00:00+00:00,0.15980017115644796,0.15980017115644796,0.15980017115644796,0.15980017115644796,129926230.19015048
2025-11-05 00:00:00+00:00,0.15408744012329362,0.15408744012329362,0.15408744012329362,0.15408744012329362,110018565.03746104
2025-11-06 00:00:00+00:00,0.1615487473839657,0.1615487473839657,0.1615487473839657,0.1615487473839657,72011625.46061942
2025-11-07 00:00:00+00:00,0.15705121158702742,0.15705121158702742,0.15705121158702742,0.15705121158702742,62846853.53723883
2025-11-08 00:00:00+00:00,0.18205153895961015,0.18205153895961015,0.18205153895961015,0.18205153895961015,110381520.76470804
2025-11-09 00:00:00+00:00,0.17773644704083344,0.17773644704083344,0.17773644704083344,0.17773644704083344,74994980.3169274
2025-11-10 00:00:00+00:00,0.17786541823057275,0.17786541823057275,0.17786541823057275,0.17786541823057275,69698373.17847432
2025-11-11 00:00:00+00:00,0.188781707921568,0.188781707921568,0.188781707921568,0.188781707921568,95482180.40941264
2025-11-12 00:00:00+00:00,0.1778108970247877,0.1778108970247877,0.1778108970247877,0.1778108970247877,83325067.17912494
2025-11-13 00:00:00+00:00,0.17172508226159883,0.17172508226159883,0.17172508226159883,0.17172508226159883,58674620.05504663
2025-11-14 00:00:00+00:00,0.167731353148616,0.167731353148616,0.167731353148616,0.167731353148616,89873618.92176327
2025-11-15 00:00:00+00:00,0.16073533910142526,0.16073533910142526,0.16073533910142526,0.16073533910142526,90256465.69217873
2025-11-16 00:00:00+00:00,0.16318353621874152,0.16318353621874152,0.16318353621874152,0.16318353621874152,59596352.467443384
2025-11-17 00:00:00+00:00,0.1588154626699042,0.1588154626699042,0.1588154626699042,0.1588154626699042,71053399.9753581
2025-11-18 00:00:00+00:00,0.1523032425102095,0.1523032425102095,0.1523032425102095,0.1523032425102095,69099379.3468005
2025-11-19 00:00:00+00:00,0.1567849468449974,0.1567849468449974,0.1567849468449974,0.1567849468449974,60765895.31201187
2025-11-20 00:00:00+00:00,0.15174081340108242,0.15174081340108242,0.15174081340108242,0.15174081340108242,69786597.37033258
2025-11-21 00:00:00+00:00,0.1439171120453925,0.1439171120453925,0.1439171120453925,0.1439171120453925,69101658.93963628
2025-11-22 00:00:00+00:00,0.13690181809905053,0.13690181809905053,0.13690181809905053,0.13690181809905053,104055949.14756338
2025-11-23 00:00:00+00:00,0.13559771879529925,0.13559771879529925,0.13559771879529925,0.13559771879529925,45883120.651858725
2025-11-24 00:00:00+00:00,0.143764952922363,0.143764952922363,0.143764952922363,0.143764952922363,43368931.82638524
2025-11-25 00:00:00+00:00,0.1437230656651169,0.1437230656651169,0.1437230656651169,0.1437230656651169,57168860.41963388
2025-11-26 00:00:00+00:00,0.14637331298644946,0.14637331298644946,0.14637331298644946,0.14637331298644946,44656764.35664929
2025-11-27 00:00:00+00:00,0.14628594584232013,0.14628594584232013,0.14628594584232013,0.14628594584232013,45967071.97005443
2025-11-28 00:00:00+00:00,0.1443642779577701,0.1443642779577701,0.1443642779577701,0.1443642779577701,30819680.15557172
2025-11-29 00:00:00+00:00,0.1435588421794979,0.1435588421794979,0.1435588421794979,0.1435588421794979,44027522.57401536
2025-11-30 00:00:00+00:00,0.13950572008297987,0.13950572008297987,0.13950572008297987,0.13950572008297987,25243457.443002548
2025-12-01 00:00:00+00:00,0.13711258515879346,0.13711258515879346,0.13711258515879346,0.13711258515879346,34806143.988716915
2025-12-02 00:00:00+00:00,0.13046285328025706,0.13046285328025706,0.13046285328025706,0.13046285328025706,58937430.945217304
2025-12-03 00:00:00+00:00,0.13884260551194474,0.13884260551194474,0.13884260551194474,0.13884260551194474,47730621.74722537
2025-12-04 00:00:00+00:00,0.14350033871786044,0.14350033871786044,0.14350033871786044,0.14350033871786044,57072370.01613995
2025-12-05 00:00:00+00:00,0.1385773694818619,0.1385773694818619,0.1385773694818619,0.1385773694818619,35318959.75095767
2025-12-06 00:00:00+00:00,0.13281202552713786,0.13281202552713786,0.13281202552713786,0.13281202552713786,43386712.120957136
2025-12-07 00:00:00+00:00,0.13358375752346768,0.13358375752346768,0.13358375752346768,0.13358375752346768,29088406.653870244
2025-12-08 00:00:00+00:00,0.1327261943962862,0.1327261943962862,0.1327261943962862,0.1327261943962862,34292519.46419389
2025-12-09 00:00:00+00:00,0.1335515219255762,0.1335515219255762,0.1335515219255762,0.1335515219255762,33000809.322111774
2025-12-10 00:00:00+00:00,0.13811970640571442,0.13811970640571442,0.13811970640571442,0.13811970640571442,40740950.85268308
2025-12-11 00:00:00+00:00,0.13511270254005556,0.13511270254005556,0.13511270254005556,0.13511270254005556,46550630.74622619
2025-12-12 00:00:00+00:00,0.12970369336767654,0.12970369336767654,0.12970369336767654,0.12970369336767654,50431260.91140412
2025-12-13 00:00:00+00:00,0.1229355409883378,0.1229355409883378,0.1229355409883378,0.1229355409883378,48410769.47088164
2025-12-14 00:00:00+00:00,0.1218898783799266,0.1218898783799266,0.1218898783799266,0.1218898783799266,28554976.596086588
2025-12-15 00:00:00+00:00,0.11899554204098198,0.11899554204098198,0.11899554204098198,0.11899554204098198,33243935.22362339
2025-12-16 00:00:00+00:00,0.11551810601797854,0.11551810601797854,0.11551810601797854,0.11551810601797854,54144210.2941068
2025-12-17 00:00:00+00:00,0.11689800145463096,0.11689800145463096,0.11689800145463096,0.11689800145463096,38881021.76040148
2025-12-18 00:00:00+00:00,0.11142543464050415,0.11142543464050415,0.11142543464050415,0.11142543464050415,43785656.5448625
2025-12-19 00:00:00+00:00,0.10727501645643088,0.10727501645643088,0.10727501645643088,0.10727501645643088,49362019.50186509
2025-12-20 00:00:00+00:00,0.11471741043585798,0.11471741043585798,0.11471741043585798,0.11471741043585798,39669568.76540616
2025-12-21 00:00:00+00:00,0.11480861910650188,0.11480861910650188,0.11480861910650188,0.11480861910650188,18340759.55647858
2025-12-22 00:00:00+00:00,0.11159310785360804,0.11159310785360804,0.11159310785360804,0.11159310785360804,30898980.505269814
2025-12-23 00:00:00+00:00,0.11176928661673202,0.11176928661673202,0.11176928661673202,0.11176928661673202,40713665.47607757
2025-12-24 00:00:00+00:00,0.1137065853528297,0.1137065853528297,0.1137065853528297,0.1137065853528297,34227908.99903338
2025-12-25 00:00:00+00:00,0.11297913432564596,0.11297913432564596,0.11297913432564596,0.11297913432564596,28370988.237144586
2025-12-26 00:00:00+00:00,0.11454740938496788,0.11454740938496788,0.11454740938496788,0.11454740938496788,29703904.955338404
2025-12-27 00:00:00+00:00,0.11816035526107573,0.11816035526107573,0.11816035526107573,0.11816035526107573,31835864.57259481
2025-12-28 00:00:00+00:00,0.12003769851683366,0.12003769851683366,0.12003769851683366,0.12003769851683366,17316804.02564747
2025-12-29 00:00:00+00:00,0.1197995567641648,0.1197995567641648,0.1197995567641648,0.1197995567641648,21234429.197084054
2025-12-30 00:00:00+00:00,0.117225780038911,0.117225780038911,0.117225780038911,0.117225780038911,30539763.805227328
2025-12-31 00:00:00+00:00,0.11476567453342476,0.11476567453342476,0.11476567453342476,0.11476567453342476,29618012.941648196
2026-01-01 00:00:00+00:00,0.11029364636494787,0.11029364636494787,0.11029364636494787,0.11029364636494787,37757855.26836106
2026-01-02 00:00:00+00:00,0.12033707143941848,0.12033707143941848,0.12033707143941848,0.12033707143941848,32008627.696276143
2026-01-03 00:00:00+00:00,0.12749758549842197,0.12749758549842197,0.12749758549842197,0.12749758549842197,44629905.997759655
2026-01-04 00:00:00+00:00,0.1278997902403289,0.1278997902403289,0.1278997902403289,0.1278997902403289,31113454.66388497
2026-01-05 00:00:00+00:00,0.13683902266200834,0.13683902266200834,0.13683902266200834,0.13683902266200834,46502310.57439758
2026-01-06 00:00:00+00:00,0.1394690460820586,0.1394690460820586,0.1394690460820586,0.1394690460820586,66533315.94562229
2026-01-07 00:00:00+00:00,0.14227408104047695,0.14227408104047695,0.14227408104047695,0.14227408104047695,80926206.39694043
2026-01-08 00:00:00+00:00,0.13623223464887813,0.13623223464887813,0.13623223464887813,0.13623223464887813,52770095.79983205
2026-01-09 00:00:00+00:00,0.13414207359218894,0.13414207359218894,0.13414207359218894,0.13414207359218894,58887592.113034815
2026-01-10 00:00:00+00:00,0.15256407037467934,0.15256407037467934,0.15256407037467934,0.15256407037467934,47268124.47049422
2026-01-11 00:00:00+00:00,0.13502555479362088,0.13502555479362088,0.13502555479362088,0.13502555479362088,21453485.218091536
2026-01-12 00:00:00+00:00,0.16182615113837556,0.16182615113837556,0.16182615113837556,0.16182615113837556,31166240.02398963
2026-01-13 00:00:00+00:00,0.14986055236284607,0.14986055236284607,0.14986055236284607,0.14986055236284607,45355229.24176194
2026-01-14 00:00:00+00:00,0.15273005506815981,0.15273005506815981,0.15273005506815981,0.15273005506815981,63700077.335021876
2026-01-15 00:00:00+00:00,0.15229054054662391,0.15229054054662391,0.15229054054662391,0.15229054054662391,56343070.06945921
2026-01-16 00:00:00+00:00,0.15000651455864514,0.15000651455864514,0.15000651455864514,0.15000651455864514,43614819.30716619
2026-01-17 00:00:00+00:00,0.15320120486371147,0.15320120486371147,0.15320120486371147,0.15320120486371147,41308355.92169159
2026-01-18 00:00:00+00:00,0.13139773791691473,0.13139773791691473,0.13139773791691473,0.13139773791691473,246153.60557483888
2026-01-19 00:00:00+00:00,0.14886179418629442,0.14886179418629442,0.14886179418629442,0.14886179418629442,35881504.85970903
2026-01-20 00:00:00+00:00,0.13974816452158703,0.13974816452158703,0.13974816452158703,0.13974816452158703,53835969.681584224
2026-01-21 00:00:00+00:00,0.13494647509337648,0.13494647509337648,0.13494647509337648,0.13494647509337648,52312673.95121997
2026-01-22 00:00:00+00:00,0.13631041194739368,0.13631041194739368,0.13631041194739368,0.13631041194739368,57157564.13552943
2026-01-23 00:00:00+00:00,0.1451057557816727,0.1451057557816727,0.1451057557816727,0.1451057557816727,39622068.98519202
2026-01-24 00:00:00+00:00,0.14223709979602817,0.14223709979602817,0.14223709979602817,0.14223709979602817,46448959.31654598
2026-01-25 00:00:00+00:00,0.15818526575263953,0.15818526575263953,0.15818526575263953,0.15818526575263953,26144827.198875304
2026-01-26 00:00:00+00:00,0.13976596749181988,0.13976596749181988,0.13976596749181988,0.13976596749181988,42509241.90784734
2026-01-27 00:00:00+00:00,0.1361157383885313,0.1361157383885313,0.1361157383885313,0.1361157383885313,72199722.85502718
2026-01-28 00:00:00+00:00,0.14505864776511934,0.14505864776511934,0.14505864776511934,0.14505864776511934,43761636.75421092
2026-01-29 00:00:00+00:00,0.14674232698773218,0.14674232698773218,0.14674232698773218,0.14674232698773218,47149684.313432686
2026-01-30 00:00:00+00:00,0.1321418104940545,0.1321418104940545,0.1321418104940545,0.1321418104940545,61170918.71646055
2026-01-31 00:00:00+00:00,0.13029254006269547,0.13029254006269547,0.13029254006269547,0.13029254006269547,59535726.73752306
2026-02-01 00:00:00+00:00,0.11640971620943477,0.11640971620943477,0.11640971620943477,0.11640971620943477,93753309.89852048
2026-02-02 00:00:00+00:00,0.12359127639980577,0.12359127639980577,0.12359127639980577,0.12359127639980577,51677255.07252961
2026-02-03 00:00:00+00:00,0.12342784639652792,0.12342784639652792,0.12342784639652792,0.12342784639652792,61733897.44003383
2026-02-04 00:00:00+00:00,0.1254210353484744,0.1254210353484744,0.1254210353484744,0.1254210353484744,58681242.13371964
2026-02-05 00:00:00+00:00,0.12405961829986877,0.12405961829986877,0.12405961829986877,0.12405961829986877,54897070.76879215
2026-02-06 00:00:00+00:00,0.10232477764320891,0.10232477764320891,0.10232477764320891,0.10232477764320891,91736070.84413743
2026-02-07 00:00:00+00:00,0.11100180467469822,0.11100180467469822,0.11100180467469822,0.11100180467469822,96829214.11956902
2026-02-08 00:00:00+00:00,0.11941184696095355,0.11941184696095355,0.11941184696095355,0.11941184696095355,55321743.862570934
2026-02-09 00:00:00+00:00,0.13055150905544743,0.13055150905544743,0.13055150905544743,0.13055150905544743,35952088.33279536
2026-02-10 00:00:00+00:00,0.09603364189942429,0.09603364189942429,0.09603364189942429,0.09603364189942429,31217432.690743774
2026-02-11 00:00:00+00:00,0.09178991615069564,0.09178991615069564,0.09178991615069564,0.09178991615069564,30668572.24145677
2026-02-12 00:00:00+00:00,0.11799984565790507,0.11799984565790507,0.11799984565790507,0.11799984565790507,44403521.03096588
2026-02-13 00:00:00+00:00,0.12560179327510557,0.12560179327510557,0.12560179327510557,0.12560179327510557,37067531.92443816
2026-02-14 00:00:00+00:00,0.13061295117987998,0.13061295117987998,0.13061295117987998,0.13061295117987998,33744695.496580064
2026-02-15 00:00:00+00:00,0.13068336066640543,0.13068336066640543,0.13068336066640543,0.13068336066640543,38578288.21492952
2026-02-16 00:00:00+00:00,0.1268371738162964,0.1268371738162964,0.1268371738162964,0.1268371738162964,39468112.091581196
2026-02-17 00:00:00+00:00,0.1294522034562699,0.1294522034562699,0.1294522034562699,0.1294522034562699,35334373.32507428
2026-02-18 00:00:00+00:00,0.13060079129852026,0.13060079129852026,0.13060079129852026,0.13060079129852026,33059571.89582891
2026-02-19 00:00:00+00:00,0.13160398779953333,0.13160398779953333,0.13160398779953333,0.13160398779953333,30940321.948088124
2026-02-20 00:00:00+00:00,0.12247804786762453,0.12247804786762453,0.12247804786762453,0.12247804786762453,38150465.3274245
2026-02-21 00:00:00+00:00,0.12248399424287837,0.12248399424287837,0.12248399424287837,0.12248399424287837,39457612.475525856
2026-02-22 00:00:00+00:00,0.09205560399277768,0.09205560399277768,0.09205560399277768,0.09205560399277768,17280907.232885342
2026-02-23 00:00:00+00:00,0.08577876591899512,0.08577876591899512,0.08577876591899512,0.08577876591899512,20920056.932963908
2026-02-24 00:00:00+00:00,0.12249868543612127,0.12249868543612127,0.12249868543612127,0.12249868543612127,34200574.41500532
2026-02-25 00:00:00+00:00,0.1256754566669732,0.1256754566669732,0.1256754566669732,0.1256754566669732,31317955.08346269
2026-02-26 00:00:00+00:00,0.11931424885475601,0.11931424885475601,0.11931424885475601,0.11931424885475601,44556070.569350526
2026-02-27 00:00:00+00:00,0.12108547437326969,0.12108547437326969,0.12108547437326969,0.12108547437326969,38816793.69611285
2026-02-28 00:00:00+00:00,0.1259738628492129,0.1259738628492129,0.1259738628492129,0.1259738628492129,32808910.77544169
2026-03-01 00:00:00+00:00,0.11947114292986434,0.11947114292986434,0.11947114292986434,0.11947114292986434,40913213.60110018
2026-03-02 00:00:00+00:00,0.12300424181749331,0.12300424181749331,0.12300424181749331,0.12300424181749331,34919633.8827367
2026-03-03 00:00:00+00:00,0.11967159855098762,0.11967159855098762,0.11967159855098762,0.11967159855098762,40558125.88356595
2026-03-04 00:00:00+00:00,0.12175047617664897,0.12175047617664897,0.12175047617664897,0.12175047617664897,36432345.379184805
2026-03-05 00:00:00+00:00,0.11871850942026217,0.11871850942026217,0.11871850942026217,0.11871850942026217,42765325.21852214
2026-03-06 00:00:00+00:00,0.12525492728471105,0.12525492728471105,0.12525492728471105,0.12525492728471105,33891682.6288723
2026-03-07 00:00:00+00:00,0.1216145557537249,0.1216145557537249,0.1216145557537249,0.1216145557537249,35225768.23082873
2026-03-08 00:00:00+00:00,0.08489141346214886,0.08489141346214886,0.08489141346214886,0.08489141346214886,22296754.98489602
2026-03-09 00:00:00+00:00,0.08345140602524466,0.08345140602524466,0.08345140602524466,0.08345140602524466,29183958.293778546
2026-03-10 00:00:00+00:00,0.11036507808227192,0.11036507808227192,0.11036507808227192,0.11036507808227192,48691613.741324894
2026-03-11 00:00:00+00:00,0.11396601252028575,0.11396601252028575,0.11396601252028575,0.11396601252028575,45645088.99008481
2026-03-12 00:00:00+00:00,0.08630921541757562,0.08630921541757562,0.08630921541757562,0.08630921541757562,8447701.479572203
2026-03-13 00:00:00+00:00,0.12935172654714747,0.12935172654714747,0.12935172654714747,0.12935172654714747,31772370.067114007
2026-03-14 00:00:00+00:00,0.1138016702906284,0.1138016702906284,0.1138016702906284,0.1138016702906284,61977221.28459264
2026-03-15 00:00:00+00:00,0.09229414891906333,0.09229414891906333,0.09229414891906333,0.09229414891906333,30027338.474823367
2026-03-16 00:00:00+00:00,0.12652663191089056,0.12652663191089056,0.12652663191089056,0.12652663191089056,36736744.46962292
2026-03-17 00:00:00+00:00,0.12213792997968138,0.12213792997968138,0.12213792997968138,0.12213792997968138,47887251.83025614
2026-03-18 00:00:00+00:00,0.12309330593838064,0.12309330593838064,0.12309330593838064,0.12309330593838064,43545825.48453032
2026-03-19 00:00:00+00:00,0.12131431071651395,0.12131431071651395,0.12131431071651395,0.12131431071651395,40542807.29487501
2026-03-20 00:00:00+00:00,0.12386279616652299,0.12386279616652299,0.12386279616652299,0.12386279616652299,36718761.442957975
2026-03-21 00:00:00+00:00,0.08998144096455499,0.08998144096455499,0.08998144096455499,0.08998144096455499,23432854.18613187
2026-03-22 00:00:00+00:00,0.08910197539723395,0.08910197539723395,0.08910197539723395,0.08910197539723395,13384560.461124536
2026-03-23 00:00:00+00:00,0.0876026443423802,0.0876026443423802,0.0876026443423802,0.0876026443423802,20453741.09645007
2026-03-24 00:00:00+00:00,0.1214000984642907,0.1214000984642907,0.1214000984642907,0.1214000984642907,37904003.741087265
2026-03-25 00:00:00+00:00,0.1273766698099026,0.1273766698099026,0.1273766698099026,0.1273766698099026,32051989.51956298
2026-03-26 00:00:00+00:00,0.13192965192156603,0.13192965192156603,0.13192965192156603,0.13192965192156603,28949796.12945602
2026-03-27 00:00:00+00:00,0.12371443730606985,0.12371443730606985,0.12371443730606985,0.12371443730606985,33030400.641889337
2026-03-28 00:00:00+00:00,0.08151246583999193,0.08151246583999193,0.08151246583999193,0.08151246583999193,21734955.79856517
2026-03-29 00:00:00+00:00,0.08173044272946774,0.08173044272946774,0.08173044272946774,0.08173044272946774,19912976.261810508
2026-03-30 00:00:00+00:00,0.08121943999374376,0.08121943999374376,0.08121943999374376,0.08121943999374376,19241670.094028447
2026-03-31 00:00:00+00:00,0.08216846347702324,0.08216846347702324,0.08216846347702324,0.08216846347702324,17573346.98484694
2026-04-01 00:00:00+00:00,0.09391110477514591,0.09391110477514591,0.09391110477514591,0.09391110477514591,75305925.96430016
2026-04-02 00:00:00+00:00,0.10274055116388063,0.10274055116388063,0.10274055116388063,0.10274055116388063,119346788.70489652
2026-04-03 00:00:00+00:00,0.10670974835333161,0.10670974835333161,0.10670974835333161,0.10670974835333161,112301582.64296804
2026-04-04 00:00:00+00:00,0.12353455713835289,0.12353455713835289,0.12353455713835289,0.12353455713835289,143620944.17296952
2026-04-05 00:00:00+00:00,0.12038995655995556,0.12038995655995556,0.12038995655995556,0.12038995655995556,78430149.61730789
2026-04-06 00:00:00+00:00,0.12237482253285763,0.12237482253285763,0.12237482253285763,0.12237482253285763,67637702.41008115
2026-04-07 00:00:00+00:00,0.11874192220253682,0.11874192220253682,0.11874192220253682,0.11874192220253682,75443399.78697005
2026-04-08 00:00:00+00:00,0.11720539513961996,0.11720539513961996,0.11720539513961996,0.11720539513961996,85236518.5696351
2026-04-09 00:00:00+00:00,0.11420102971341611,0.11420102971341611,0.11420102971341611,0.11420102971341611,70140063.85363653
2026-04-10 00:00:00+00:00,0.11210189318210771,0.11210189318210771,0.11210189318210771,0.11210189318210771,68801786.59766166
2026-04-11 00:00:00+00:00,0.10995253136172765,0.10995253136172765,0.10995253136172765,0.10995253136172765,38545755.758237265
2026-04-12 00:00:00+00:00,0.10789471070769009,0.10789471070769009,0.10789471070769009,0.10789471070769009,30439123.56846558
2026-04-13 00:00:00+00:00,0.10205011730885717,0.10205011730885717,0.10205011730885717,0.10205011730885717,27959177.034240846
2026-04-14 00:00:00+00:00,0.10920374674923758,0.10920374674923758,0.10920374674923758,0.10920374674923758,35168284.900601074
2026-04-15 00:00:00+00:00,0.10803136254418483,0.10803136254418483,0.10803136254418483,0.10803136254418483,54293246.38557517
2026-04-16 00:00:00+00:00,0.11276506878452092,0.11276506878452092,0.11276506878452092,0.11276506878452092,41874850.70772387
2026-04-17 00:00:00+00:00,0.11597754118679628,0.11597754118679628,0.11597754118679628,0.11597754118679628,43668725.149688564
2026-04-18 00:00:00+00:00,0.11109362889538722,0.11109362889538722,0.11109362889538722,0.11109362889538722,49080386.17024269
2026-04-19 00:00:00+00:00,0.10663349987873655,0.10663349987873655,0.10663349987873655,0.10663349987873655,29709971.576895244
2026-04-20 00:00:00+00:00,0.10166594951556068,0.10166594951556068,0.10166594951556068,0.10166594951556068,25731687.182083137
2026-04-21 00:00:00+00:00,0.10342730834020232,0.10342730834020232,0.10342730834020232,0.10342730834020232,30109001.184715755
2026-04-22 00:00:00+00:00,0.10326814274064976,0.10326814274064976,0.10326814274064976,0.10326814274064976,26005370.72573605
2026-04-23 00:00:00+00:00,0.10307148009849265,0.10307148009849265,0.10307148009849265,0.10307148009849265,25272288.70588235
2026-04-24 00:00:00+00:00,0.104502963528421,0.104502963528421,0.104502963528421,0.104502963528421,29568895.04277748
2026-04-25 00:00:00+00:00,0.10990061732546486,0.10990061732546486,0.10990061732546486,0.10990061732546486,41355496.75766097
2026-04-26 00:00:00+00:00,0.11536362899677413,0.11536362899677413,0.11536362899677413,0.11536362899677413,63924506.61986894
2026-04-27 00:00:00+00:00,0.12001007250032193,0.12001007250032193,0.12001007250032193,0.12001007250032193,52664434.83434755
2026-04-28 00:00:00+00:00,0.11666700363869148,0.11666700363869148,0.11666700363869148,0.11666700363869148,48280964.449197836
2026-04-29 00:00:00+00:00,0.11199495147882041,0.11199495147882041,0.11199495147882041,0.11199495147882041,36711735.720188774
2026-04-30 00:00:00+00:00,0.11038843594408994,0.11038843594408994,0.11038843594408994,0.11038843594408994,35119605.02850979
2026-05-01 00:00:00+00:00,0.11027040662883017,0.11027040662883017,0.11027040662883017,0.11027040662883017,23206399.42119889
2026-05-02 00:00:00+00:00,0.10875044814982752,0.10875044814982752,0.10875044814982752,0.10875044814982752,27779452.20658097
2026-05-03 00:00:00+00:00,0.11300110563207559,0.11300110563207559,0.11300110563207559,0.11300110563207559,37576285.79362462
2026-05-04 00:00:00+00:00,0.11332554486704353,0.11332554486704353,0.11332554486704353,0.11332554486704353,61805358.00278198
2026-05-05 00:00:00+00:00,0.1117328737067725,0.1117328737067725,0.1117328737067725,0.1117328737067725,37554674.345812395
2026-05-06 00:00:00+00:00,0.11991374044405798,0.11991374044405798,0.11991374044405798,0.11991374044405798,68494605.74724007
2026-05-07 00:00:00+00:00,0.11992415771021983,0.11992415771021983,0.11992415771021983,0.11992415771021983,47019310.71092483
2026-05-08 00:00:00+00:00,0.12849192067090212,0.12849192067090212,0.12849192067090212,0.12849192067090212,83141744.37655798
2026-05-09 00:00:00+00:00,0.13348672534320785,0.13348672534320785,0.13348672534320785,0.13348672534320785,62864407.32373671
2026-05-10 00:00:00+00:00,0.12878178533262197,0.12878178533262197,0.12878178533262197,0.12878178533262197,36077954.75464916
2026-05-11 00:00:00+00:00,0.12906450223795188,0.12906450223795188,0.12906450223795188,0.12906450223795188,41639220.33526875
2026-05-12 00:00:00+00:00,0.12288643383694042,0.12288643383694042,0.12288643383694042,0.12288643383694042,42121090.27030011
2026-05-13 00:00:00+00:00,0.12219858361996853,0.12219858361996853,0.12219858361996853,0.12219858361996853,46349332.60007615
2026-05-14 00:00:00+00:00,0.1180077768618873,0.1180077768618873,0.1180077768618873,0.1180077768618873,31486238.549111888
2026-05-15 00:00:00+00:00,0.11859339527435699,0.11859339527435699,0.11859339527435699,0.11859339527435699,31152184.460950185
2026-05-16 00:00:00+00:00,0.11323747863181816,0.11323747863181816,0.11323747863181816,0.11323747863181816,29974813.912399784
2026-05-17 00:00:00+00:00,0.11024266874064008,0.11024266874064008,0.11024266874064008,0.11024266874064008,23394904.73841496
2026-05-18 00:00:00+00:00,0.10771234148035926,0.10771234148035926,0.10771234148035926,0.10771234148035926,20454105.5002782
2026-05-19 00:00:00+00:00,0.10873789920684496,0.10873789920684496,0.10873789920684496,0.10873789920684496,28415161.201301184
2026-05-20 00:00:00+00:00,0.11255033177205451,0.11255033177205451,0.11255033177205451,0.11255033177205451,45016618.231877625
2026-05-21 00:00:00+00:00,0.11750650892790448,0.11750650892790448,0.11750650892790448,0.11750650892790448,46724661.29149651
2026-05-22 00:00:00+00:00,0.11478058429493283,0.11478058429493283,0.11478058429493283,0.11478058429493283,33064271.724318407
2026-05-23 00:00:00+00:00,0.11164801485162124,0.11164801485162124,0.11164801485162124,0.11164801485162124,39387609.8052338
2026-05-24 00:00:00+00:00,0.11470673157315048,0.11470673157315048,0.11470673157315048,0.11470673157315048,30503990.633209366
2026-05-25 00:00:00+00:00,0.11167532350820812,0.11167532350820812,0.11167532350820812,0.11167532350820812,22491941.495961346
2026-05-26 00:00:00+00:00,0.11255116856337799,0.11255116856337799,0.11255116856337799,0.11255116856337799,29324260.854248554
2026-05-27 00:00:00+00:00,0.10845136644751792,0.10845136644751792,0.10845136644751792,0.10845136644751792,26683545.817261
2026-05-28 00:00:00+00:00,0.10627888471064613,0.10627888471064613,0.10627888471064613,0.10627888471064613,27169245.42137807
2026-05-29 00:00:00+00:00,0.11556818701272595,0.11556818701272595,0.11556818701272595,0.11556818701272595,42768016.27337153
2026-05-30 00:00:00+00:00,0.12285579063892728,0.12285579063892728,0.12285579063892728,0.12285579063892728,101856988.57810017
2026-05-31 00:00:00+00:00,0.12441874863696421,0.12441874863696421,0.12441874863696421,0.12441874863696421,112864898.11803193
2026-06-01 00:00:00+00:00,0.12748487049548496,0.12748487049548496,0.12748487049548496,0.12748487049548496,58100096.53428273
2026-06-02 00:00:00+00:00,0.12001858818657976,0.12001858818657976,0.12001858818657976,0.12001858818657976,50744252.60100848
2026-06-03 00:00:00+00:00,0.11224895363640089,0.11224895363640089,0.11224895363640089,0.11224895363640089,45908435.92054923
2026-06-04 00:00:00+00:00,0.10645538173110403,0.10645538173110403,0.10645538173110403,0.10645538173110403,39030155.13000104
2026-06-05 00:00:00+00:00,0.10042180619152079,0.10042180619152079,0.10042180619152079,0.10042180619152079,58052314.19981556
2026-06-06 00:00:00+00:00,0.09317613054349512,0.09317613054349512,0.09317613054349512,0.09317613054349512,68568141.36367299
2026-06-07 00:00:00+00:00,0.09204154111458293,0.09204154111458293,0.09204154111458293,0.09204154111458293,33397909.361182436
2026-06-08 00:00:00+00:00,0.0943349474812055,0.0943349474812055,0.0943349474812055,0.0943349474812055,34456882.113281555
2026-06-09 00:00:00+00:00,0.09211302774980386,0.09211302774980386,0.09211302774980386,0.09211302774980386,31371992.356529314
2026-06-10 00:00:00+00:00,0.09105705347823166,0.09105705347823166,0.09105705347823166,0.09105705347823166,34557851.96997087
2026-06-11 00:00:00+00:00,0.08665143097734003,0.08665143097734003,0.08665143097734003,0.08665143097734003,30383402.822904225
2026-06-12 00:00:00+00:00,0.08857817225644922,0.08857817225644922,0.08857817225644922,0.08857817225644922,43620928.96764835
2026-06-13 00:00:00+00:00,0.0871708816846469,0.0871708816846469,0.0871708816846469,0.0871708816846469,33533088.26539752
2026-06-14 00:00:00+00:00,0.08964494744638447,0.08964494744638447,0.08964494744638447,0.08964494744638447,25711619.738912296
2026-06-15 00:00:00+00:00,0.09251274698980286,0.09251274698980286,0.09251274698980286,0.09251274698980286,51106083.633162074
2026-06-16 00:00:00+00:00,0.09501065749321913,0.09501065749321913,0.09501065749321913,0.09501065749321913,48753458.397388764
2026-06-17 00:00:00+00:00,0.09445629022278015,0.09445629022278015,0.09445629022278015,0.09445629022278015,29041518.389150772
2026-06-18 00:00:00+00:00,0.09905927453997238,0.09905927453997238,0.09905927453997238,0.09905927453997238,48405648.12834753
2026-06-19 00:00:00+00:00,0.09623825072458007,0.09623825072458007,0.09623825072458007,0.09623825072458007,49433729.95155924
2026-06-20 00:00:00+00:00,0.09554188734963319,0.09554188734963319,0.09554188734963319,0.09554188734963319,32152483.152603004
2026-06-21 00:00:00+00:00,0.09366604532672097,0.09366604532672097,0.09366604532672097,0.09366604532672097,22071941.4294507
2026-06-22 00:00:00+00:00,0.08942756629050244,0.08942756629050244,0.08942756629050244,0.08942756629050244,22769724.306470156
2026-06-23 00:00:00+00:00,0.08941830687404156,0.08941830687404156,0.08941830687404156,0.08941830687404156,29367468.499100983
2026-06-24 00:00:00+00:00,0.09442849103470127,0.09442849103470127,0.09442849103470127,0.09442849103470127,56334231.177346446
2026-06-25 00:00:00+00:00,0.08971343007503892,0.08971343007503892,0.08971343007503892,0.08971343007503892,45965650.43432161
2026-06-26 00:00:00+00:00,0.08489518652607202,0.08489518652607202,0.08489518652607202,0.08489518652607202,31482191.110709097
2026-06-27 00:00:00+00:00,0.08299333002091366,0.08299333002091366,0.08299333002091366,0.08299333002091366,35358337.39084614
2026-06-28 00:00:00+00:00,0.08602986821551427,0.08602986821551427,0.08602986821551427,0.08602986821551427,31800325.9197583
2026-06-29 00:00:00+00:00,0.08750077865764792,0.08750077865764792,0.08750077865764792,0.08750077865764792,27199905.67749114
2026-06-30 00:00:00+00:00,0.08561800039425245,0.08561800039425245,0.08561800039425245,0.08561800039425245,33104547.0720766
2026-07-01 00:00:00+00:00,0.08286920817788394,0.08286920817788394,0.08286920817788394,0.08286920817788394,32498167.40453681
2026-07-02 00:00:00+00:00,0.08433605353971006,0.08433605353971006,0.08433605353971006,0.08433605353971006,30144439.856704466
2026-07-03 00:00:00+00:00,0.0865335082779687,0.0865335082779687,0.0865335082779687,0.0865335082779687,25778735.054907214
2026-07-04 00:00:00+00:00,0.0892618710727462,0.0892618710727462,0.0892618710727462,0.0892618710727462,25693589.347042523
2026-07-05 00:00:00+00:00,0.09057057475594366,0.09057057475594366,0.09057057475594366,0.09057057475594366,24553467.322404876
2026-07-06 00:00:00+00:00,0.09094614130363782,0.09094614130363782,0.09094614130363782,0.09094614130363782,20735476.28461298
2026-07-07 00:00:00+00:00,0.08841356237296705,0.08841356237296705,0.08841356237296705,0.08841356237296705,22685514.24888586
2026-07-08 00:00:00+00:00,0.08608304073041939,0.08608304073041939,0.08608304073041939,0.08608304073041939,22474434.2421812
2026-07-09 00:00:00+00:00,0.08470335920738276,0.08470335920738276,0.08470335920738276,0.08470335920738276,23580276.478072666
2026-07-10 00:00:00+00:00,0.08470800863892726,0.08470800863892726,0.08470800863892726,0.08470800863892726,22841477.249041248
2026-07-11 00:00:00+00:00,0.08558249876393656,0.08558249876393656,0.08558249876393656,0.08558249876393656,24254118.144737653
2026-07-12 00:00:00+00:00,0.08424905597034327,0.08424905597034327,0.08424905597034327,0.08424905597034327,17436663.1146925
2026-07-13 00:00:00+00:00,0.08346196142723408,0.08346196142723408,0.08346196142723408,0.08346196142723408,15328385.306173202
2026-07-14 00:00:00+00:00,0.08354398521844902,0.08354398521844902,0.08354398521844902,0.08354398521844902,20317881.63862896
2026-07-15 00:00:00+00:00,0.08468950407958223,0.08468950407958223,0.08468950407958223,0.08468950407958223,18751192.50392682
2026-07-16 00:00:00+00:00,0.08502720137153608,0.08502720137153608,0.08502720137153608,0.08502720137153608,18517923.9294215
2026-07-17 00:00:00+00:00,0.08223700583774621,0.08223700583774621,0.08223700583774621,0.08223700583774621,21116138.8684164
2026-07-18 00:00:00+00:00,0.08270036076181278,0.08270036076181278,0.08270036076181278,0.08270036076181278,20743616.1078396
2026-07-19 00:00:00+00:00,0.083127211090442,0.083127211090442,0.083127211090442,0.083127211090442,15591127.178277142
2026-07-20 00:00:00+00:00,0.08278045715499924,0.08278045715499924,0.08278045715499924,0.08278045715499924,12721082.198578626
2026-07-21 00:00:00+00:00,0.08322010897562421,0.08322010897562421,0.08322010897562421,0.08322010897562421,20165035.325272676
2026-07-22 00:00:00+00:00,0.08454601396091332,0.08454601396091332,0.08454601396091332,0.08454601396091332,21912751.793172907
2026-07-23 00:00:00+00:00,0.08444212279022079,0.08444212279022079,0.08444212279022079,0.08444212279022079,18211811.795187872
2026-07-24 00:00:00+00:00,0.08315761268671093,0.08315761268671093,0.08315761268671093,0.08315761268671093,18488834.452858403
2026-07-25 00:00:00+00:00,0.08598811398866411,0.08598811398866411,0.08598811398866411,0.08598811398866411,27458333.14224341
2026-07-26 00:00:00+00:00,0.08411073138555912,0.08411073138555912,0.08411073138555912,0.08411073138555912,21320275.497924995
2026-07-27 00:00:00+00:00,0.08477970137319524,0.08477970137319524,0.08477970137319524,0.08477970137319524,14085816.79217079
2026-07-28 00:00:00+00:00,0.08001648627127497,0.08001648627127497,0.08001648627127497,0.08001648627127497,17816066.403228566
2026-07-29 00:00:00+00:00,0.08003371899441875,0.08003371899441875,0.08003371899441875,0.08003371899441875,24452853.05513662
2026-07-30 00:00:00+00:00,0.0773336599622082,0.0773336599622082,0.0773336599622082,0.0773336599622082,20050608.5358554
2026-07-31 00:00:00+00:00,0.07900113392469847,0.07900113392469847,0.07900113392469847,0.07900113392469847,14937134.778049855
2026-08-01 00:00:00+00:00,0.07885928578019141,0.07885928578019141,0.07885928578019141,0.07885928578019141,18462322.55838348
2026-08-02 00:00:00+00:00,0.07900631696933062,0.07900631696933062,0.07900631696933062,0.07900631696933062,14790982.816352885
2026-08-03 00:00:00+00:00,0.08596349516363437,0.08596349516363437,0.08596349516363437,0.08596349516363437,30814826.107784677
2026-08-04 00:00:00+00:00,0.09019272129388764,0.09019272129388764,0.09019272129388764,0.09019272129388764,46054409.63885148
2026-08-05 00:00:00+00:00,0.08944715290145014,0.08944715290145014,0.08944715290145014,0.08944715290145014,30888633.347554196
2026-08-06 00:00:00+00:00,0.0882401322226813,0.0882401322226813,0.0882401322226813,0.0882401322226813,21093921.98025638
2026-08-07 00:00:00+00:00,0.08739364567257853,0.08739364567257853,0.08739364567257853,0.08739364567257853,22371967.099699892
2026-08-08 00:00:00+00:00,0.08881117706514383,0.08881117706514383,0.08881117706514383,0.08881117706514383,22279056.272002663
2026-08-09 00:00:00+00:00,0.08745135214334322,0.08745135214334322,0.08745135214334322,0.08745135214334322,15602628.383518921
2026-08-10 00:00:00+00:00,0.0825615424541572,0.0825615424541572,0.0825615424541572,0.0825615424541572,24328078.3066736
2026-08-11 00:00:00+00:00,0.08239536499233702,0.08239536499233702,0.08239536499233702,0.08239536499233702,26296781.575306766
2026-08-12 00:00:00+00:00,0.08093137184781864,0.08093137184781864,0.08093137184781864,0.08093137184781864,23125290.536728416
2026-08-13 00:00:00+00:00,0.07906083097690825,0.07906083097690825,0.07906083097690825,0.07906083097690825,19252062.239828978
2026-08-14 00:00:00+00:00,0.07873403649239914,0.07873403649239914,0.07873403649239914,0.07873403649239914,18345279.173177216
2026-08-15 00:00:00+00:00,0.07944044417111198,0.07944044417111198,0.07944044417111198,0.07944044417111198,17630473.127015345
2026-08-16 00:00:00+00:00,0.07942525682386507,0.07942525682386507,0.07942525682386507,0.07942525682386507,12740937.298951253
2026-08-17 00:00:00+00:00,0.07837223085424257,0.07837223085424257,0.07837223085424257,0.07837223085424257,13803803.548519667
2026-08-18 00:00:00+00:00,0.07847866892685247,0.07847866892685247,0.07847866892685247,0.07847866892685247,15755560.250363015
2026-08-19 00:00:00+00:00,0.0778496068460208,0.0778496068460208,0.0778496068460208,0.0778496068460208,16042208.740923237
2026-08-20 00:00:00+00:00,0.08209490508177718,0.08209490508177718,0.08209490508177718,0.08209490508177718,28146483.6113305
2026-08-21 00:00:00+00:00,0.08837529389301042,0.0971155710784137,0.08837529389301042,0.0971155710784137,90810046.2319515
